{"L_cm": 1.09732599832, "vol": 0.78541739, "L_cc": 0.51832867931, "G_cc": 1.0, "v_sqz": 0.0, "eta_cm": 0.5, "G_cc_dot": 0.0, "s": 0, "L_buck": 0.0, "V_dot": 0.0, "G_cm": 1.0, "eta_cc": 0.5, "sigma_cm": 0.0557574320458, "sigma_cc": 0.0378112500962, "L_x_dot": 0.0, "L_x": 1.0, "force": 0.0429343631124, "theta": 1.48682076362, "m_cm": 0.1, "m_cc": 0.1, "thetime": 0.0, "F_adh": 0.06, "G_cm_dot": 0.0, "v_adh": 0.00631778245004}