{"G_cm": 1.0, "L_cm": 1.09732599832, "v_sqz": 0.0, "L_x": 1.0, "v_adh": 0.00631778245004, "force": 0.0429343631124, "sigma_cm": 0.0557574320458, "eta_cm": 0.5, "s": 0, "m_cm": 0.1, "G_cc_dot": 0.0, "L_buck": 0.0, "thetime": 0.0, "L_x_dot": 0.0, "theta": 1.48682076362, "L_cc": 0.51832867931, "F_adh": 0.06, "eta_cc": 0.5, "V_dot": 0.0, "G_cc": 1.0, "m_cc": 0.1, "sigma_cc": 0.0378112500962, "G_cm_dot": 0.0}